"filename", "language", "JavaScript", "JSON", "JSON with Comments", "Perl", "TypeScript", "Markdown", "Groovy", "YAML", "comment", "blank", "total"
"d:\ttlab\qr-code-backend\.eslintrc.js", "JavaScript", 35, 0, 0, 0, 0, 0, 0, 0, 0, 1, 36
"d:\ttlab\qr-code-backend\.hygen.js", "JavaScript", 116, 0, 0, 0, 0, 0, 0, 0, 1, 10, 127
"d:\ttlab\qr-code-backend\.hygen\generator\help\index.ejs.t", "Perl", 0, 0, 0, 5, 0, 0, 0, 0, 0, 0, 5
"d:\ttlab\qr-code-backend\.hygen\generator\new\hello.ejs.t", "Perl", 0, 0, 0, 13, 0, 0, 0, 0, 0, 6, 19
"d:\ttlab\qr-code-backend\.hygen\generator\with-prompt\hello.ejs.t", "Perl", 0, 0, 0, 13, 0, 0, 0, 0, 0, 6, 19
"d:\ttlab\qr-code-backend\.hygen\generator\with-prompt\prompt.ejs.t", "Perl", 0, 0, 0, 13, 0, 0, 0, 0, 0, 2, 15
"d:\ttlab\qr-code-backend\.hygen\init\repo\new-repo.ejs.t", "Perl", 0, 0, 0, 4, 0, 0, 0, 0, 0, 1, 5
"d:\ttlab\qr-code-backend\.hygen\new\module\v1\builder.ejs.t", "Perl", 0, 0, 0, 17, 0, 0, 0, 0, 0, 2, 19
"d:\ttlab\qr-code-backend\.hygen\new\module\v1\constant.ejs.t", "Perl", 0, 0, 0, 20, 0, 0, 0, 0, 0, 2, 22
"d:\ttlab\qr-code-backend\.hygen\new\module\v1\controller.ejs.t", "Perl", 0, 0, 0, 140, 0, 0, 0, 0, 0, 15, 155
"d:\ttlab\qr-code-backend\.hygen\new\module\v1\database-name.ejs.t", "Perl", 0, 0, 0, 13, 0, 0, 0, 0, 0, 0, 13
"d:\ttlab\qr-code-backend\.hygen\new\module\v1\entity.ejs.t", "Perl", 0, 0, 0, 20, 0, 0, 0, 0, 0, 2, 22
"d:\ttlab\qr-code-backend\.hygen\new\module\v1\factory\factory-inject-1.ejs.t", "Perl", 0, 0, 0, 13, 0, 0, 0, 0, 0, 0, 13
"d:\ttlab\qr-code-backend\.hygen\new\module\v1\factory\factory-inject-2.ejs.t", "Perl", 0, 0, 0, 14, 0, 0, 0, 0, 0, 0, 14
"d:\ttlab\qr-code-backend\.hygen\new\module\v1\factory\factory.ejs.t", "Perl", 0, 0, 0, 19, 0, 0, 0, 0, 0, 3, 22
"d:\ttlab\qr-code-backend\.hygen\new\module\v1\i18n\en.inject.ejs.t", "Perl", 0, 0, 0, 14, 0, 0, 0, 0, 0, 0, 14
"d:\ttlab\qr-code-backend\.hygen\new\module\v1\i18n\en.inject2.ejs.t", "Perl", 0, 0, 0, 13, 0, 0, 0, 0, 0, 1, 14
"d:\ttlab\qr-code-backend\.hygen\new\module\v1\i18n\en.json.ejs.t", "Perl", 0, 0, 0, 23, 0, 0, 0, 0, 0, 0, 23
"d:\ttlab\qr-code-backend\.hygen\new\module\v1\i18n\vi.inject.ejs.t", "Perl", 0, 0, 0, 14, 0, 0, 0, 0, 0, 0, 14
"d:\ttlab\qr-code-backend\.hygen\new\module\v1\i18n\vi.inject2.ejs.t", "Perl", 0, 0, 0, 13, 0, 0, 0, 0, 0, 1, 14
"d:\ttlab\qr-code-backend\.hygen\new\module\v1\i18n\vi.json.ejs.t", "Perl", 0, 0, 0, 23, 0, 0, 0, 0, 0, 0, 23
"d:\ttlab\qr-code-backend\.hygen\new\module\v1\interface.ejs.t", "Perl", 0, 0, 0, 10, 0, 0, 0, 0, 0, 0, 10
"d:\ttlab\qr-code-backend\.hygen\new\module\v1\module.ejs.t", "Perl", 0, 0, 0, 21, 0, 0, 0, 0, 0, 2, 23
"d:\ttlab\qr-code-backend\.hygen\new\module\v1\permission.resource.ejs.t", "Perl", 0, 0, 0, 13, 0, 0, 0, 0, 0, 0, 13
"d:\ttlab\qr-code-backend\.hygen\new\module\v1\repository.ejs.t", "Perl", 0, 0, 0, 22, 0, 0, 0, 0, 0, 3, 25
"d:\ttlab\qr-code-backend\.hygen\new\module\v1\request.dto.ejs.t", "Perl", 0, 0, 0, 15, 0, 0, 0, 0, 0, 5, 20
"d:\ttlab\qr-code-backend\.hygen\new\module\v1\response.dto.ejs.t", "Perl", 0, 0, 0, 29, 0, 0, 0, 0, 0, 6, 35
"d:\ttlab\qr-code-backend\.hygen\new\module\v1\seed.ejs.t", "Perl", 0, 0, 0, 34, 0, 0, 0, 0, 0, 6, 40
"d:\ttlab\qr-code-backend\.hygen\new\module\v1\service.ejs.t", "Perl", 0, 0, 0, 38, 0, 0, 0, 0, 0, 4, 42
"d:\ttlab\qr-code-backend\.hygen\new\module\v1\tsconfig.ejs.t", "Perl", 0, 0, 0, 9, 0, 0, 0, 0, 0, 0, 9
"d:\ttlab\qr-code-backend\.prettierrc", "JSON", 0, 6, 0, 0, 0, 0, 0, 0, 0, 0, 6
"d:\ttlab\qr-code-backend\Jenkinsfile", "Groovy", 0, 0, 0, 0, 0, 0, 25, 0, 0, 5, 30
"d:\ttlab\qr-code-backend\README.md", "Markdown", 0, 0, 0, 0, 0, 224, 0, 0, 0, 32, 256
"d:\ttlab\qr-code-backend\database\config.ts", "TypeScript", 0, 0, 0, 0, 41, 0, 0, 0, 0, 3, 44
"d:\ttlab\qr-code-backend\database\constant.ts", "TypeScript", 0, 0, 0, 0, 60, 0, 0, 0, 2, 5, 67
"d:\ttlab\qr-code-backend\database\create-database.ts", "TypeScript", 0, 0, 0, 0, 19, 0, 0, 0, 1, 4, 24
"d:\ttlab\qr-code-backend\database\factories\action.factory.ts", "TypeScript", 0, 0, 0, 0, 15, 0, 0, 0, 0, 3, 18
"d:\ttlab\qr-code-backend\database\factories\category.factory.ts", "TypeScript", 0, 0, 0, 0, 10, 0, 0, 0, 0, 3, 13
"d:\ttlab\qr-code-backend\database\factories\file.factory.ts", "TypeScript", 0, 0, 0, 0, 12, 0, 0, 0, 0, 4, 16
"d:\ttlab\qr-code-backend\database\factories\index.ts", "TypeScript", 0, 0, 0, 0, 81, 0, 0, 0, 57, 6, 144
"d:\ttlab\qr-code-backend\database\factories\permission.factory.ts", "TypeScript", 0, 0, 0, 0, 25, 0, 0, 0, 0, 3, 28
"d:\ttlab\qr-code-backend\database\factories\permission_action.factory.ts", "TypeScript", 0, 0, 0, 0, 12, 0, 0, 0, 0, 4, 16
"d:\ttlab\qr-code-backend\database\factories\permission_resource.factory.ts", "TypeScript", 0, 0, 0, 0, 13, 0, 0, 0, 0, 4, 17
"d:\ttlab\qr-code-backend\database\factories\product.factory.ts", "TypeScript", 0, 0, 0, 0, 25, 0, 0, 0, 0, 3, 28
"d:\ttlab\qr-code-backend\database\factories\provider.factory.ts", "TypeScript", 0, 0, 0, 0, 19, 0, 0, 0, 0, 4, 23
"d:\ttlab\qr-code-backend\database\factories\role.factory.ts", "TypeScript", 0, 0, 0, 0, 20, 0, 0, 0, 0, 3, 23
"d:\ttlab\qr-code-backend\database\factories\role_permission.factory.ts", "TypeScript", 0, 0, 0, 0, 15, 0, 0, 0, 0, 3, 18
"d:\ttlab\qr-code-backend\database\factories\user.factory.ts", "TypeScript", 0, 0, 0, 0, 17, 0, 0, 0, 0, 3, 20
"d:\ttlab\qr-code-backend\database\factories\user_role.factory.ts", "TypeScript", 0, 0, 0, 0, 14, 0, 0, 0, 0, 3, 17
"d:\ttlab\qr-code-backend\database\factories\user_token.factory.ts", "TypeScript", 0, 0, 0, 0, 15, 0, 0, 0, 0, 3, 18
"d:\ttlab\qr-code-backend\database\migrations\1659530870541-db-migration.ts", "TypeScript", 0, 0, 0, 0, 64, 0, 0, 0, 0, 5, 69
"d:\ttlab\qr-code-backend\database\seedings\000.seed-user.ts", "TypeScript", 0, 0, 0, 0, 59, 0, 0, 0, 0, 2, 61
"d:\ttlab\qr-code-backend\database\seedings\001.permission-action.ts", "TypeScript", 0, 0, 0, 0, 47, 0, 0, 0, 0, 3, 50
"d:\ttlab\qr-code-backend\database\seedings\002.permission-resource.ts", "TypeScript", 0, 0, 0, 0, 28, 0, 0, 0, 0, 3, 31
"d:\ttlab\qr-code-backend\database\seedings\003.role.seed.ts", "TypeScript", 0, 0, 0, 0, 29, 0, 0, 0, 0, 3, 32
"d:\ttlab\qr-code-backend\database\seedings\004.user-role.seed.ts", "TypeScript", 0, 0, 0, 0, 56, 0, 0, 0, 0, 6, 62
"d:\ttlab\qr-code-backend\database\seedings\005.permission.seed.ts", "TypeScript", 0, 0, 0, 0, 82, 0, 0, 0, 0, 7, 89
"d:\ttlab\qr-code-backend\database\seedings\006.role-permission.seed.ts", "TypeScript", 0, 0, 0, 0, 80, 0, 0, 0, 35, 10, 125
"d:\ttlab\qr-code-backend\database\seedings\007.category.seed.ts", "TypeScript", 0, 0, 0, 0, 43, 0, 0, 0, 0, 5, 48
"d:\ttlab\qr-code-backend\database\seedings\008.file.seed.ts", "TypeScript", 0, 0, 0, 0, 61, 0, 0, 0, 0, 5, 66
"d:\ttlab\qr-code-backend\database\seedings\009.provider.seed.ts", "TypeScript", 0, 0, 0, 0, 69, 0, 0, 0, 0, 6, 75
"d:\ttlab\qr-code-backend\database\seedings\010.product.seed.ts", "TypeScript", 0, 0, 0, 0, 109, 0, 0, 0, 0, 18, 127
"d:\ttlab\qr-code-backend\database\seedings\011.action.seed.ts", "TypeScript", 0, 0, 0, 0, 55, 0, 0, 0, 0, 6, 61
"d:\ttlab\qr-code-backend\database\seedings\excutor\index.ts", "TypeScript", 0, 0, 0, 0, 26, 0, 0, 0, 0, 2, 28
"d:\ttlab\qr-code-backend\database\temp\001-User.ts", "TypeScript", 0, 0, 0, 0, 64, 0, 0, 0, 8, 4, 76
"d:\ttlab\qr-code-backend\database\temp\002-Role.ts", "TypeScript", 0, 0, 0, 0, 23, 0, 0, 0, 0, 3, 26
"d:\ttlab\qr-code-backend\database\temp\003-UserRole.ts", "TypeScript", 0, 0, 0, 0, 47, 0, 0, 0, 0, 5, 52
"d:\ttlab\qr-code-backend\database\temp\013-UserToken.ts", "TypeScript", 0, 0, 0, 0, 57, 0, 0, 0, 0, 4, 61
"d:\ttlab\qr-code-backend\database\temp\migrations\1656263529307-db-migration.ts", "TypeScript", 0, 0, 0, 0, 38, 0, 0, 0, 0, 5, 43
"d:\ttlab\qr-code-backend\database\temp\migrations\1656410978612-db-migration.ts", "TypeScript", 0, 0, 0, 0, 38, 0, 0, 0, 0, 5, 43
"d:\ttlab\qr-code-backend\database\temp\seeds\001-SeedingRole.ts", "TypeScript", 0, 0, 0, 0, 41, 0, 0, 0, 0, 5, 46
"d:\ttlab\qr-code-backend\database\temp\seeds\006-SeedingUser.ts", "TypeScript", 0, 0, 0, 0, 77, 0, 0, 0, 0, 3, 80
"d:\ttlab\qr-code-backend\docker\docker-compose.yml", "YAML", 0, 0, 0, 0, 0, 0, 0, 32, 2, 1, 35
"d:\ttlab\qr-code-backend\nest-cli.json", "JSON", 0, 17, 0, 0, 0, 0, 0, 0, 0, 1, 18
"d:\ttlab\qr-code-backend\nodemon.json", "JSON", 0, 5, 0, 0, 0, 0, 0, 0, 0, 0, 5
"d:\ttlab\qr-code-backend\package.json", "JSON", 0, 106, 0, 0, 0, 0, 0, 0, 0, 1, 107
"d:\ttlab\qr-code-backend\src\app.controller.ts", "TypeScript", 0, 0, 0, 0, 40, 0, 0, 0, 25, 13, 78
"d:\ttlab\qr-code-backend\src\app.module.ts", "TypeScript", 0, 0, 0, 0, 45, 0, 0, 0, 0, 2, 47
"d:\ttlab\qr-code-backend\src\common\base\controller.base.ts", "TypeScript", 0, 0, 0, 0, 25, 0, 0, 0, 0, 5, 30
"d:\ttlab\qr-code-backend\src\common\base\dto.base.ts", "TypeScript", 0, 0, 0, 0, 27, 0, 0, 0, 0, 6, 33
"d:\ttlab\qr-code-backend\src\common\base\index.ts", "TypeScript", 0, 0, 0, 0, 6, 0, 0, 0, 0, 1, 7
"d:\ttlab\qr-code-backend\src\common\base\interface.base.ts", "TypeScript", 0, 0, 0, 0, 14, 0, 0, 0, 0, 5, 19
"d:\ttlab\qr-code-backend\src\common\base\query-builder.base.ts", "TypeScript", 0, 0, 0, 0, 133, 0, 0, 0, 1, 20, 154
"d:\ttlab\qr-code-backend\src\common\base\repository.base.ts", "TypeScript", 0, 0, 0, 0, 54, 0, 0, 0, 2, 9, 65
"d:\ttlab\qr-code-backend\src\common\base\service.base.ts", "TypeScript", 0, 0, 0, 0, 54, 0, 0, 0, 12, 19, 85
"d:\ttlab\qr-code-backend\src\common\boilerplate.polyfill.ts", "TypeScript", 0, 0, 0, 0, 131, 0, 0, 0, 86, 42, 259
"d:\ttlab\qr-code-backend\src\common\config\config-key.ts", "TypeScript", 0, 0, 0, 0, 27, 0, 0, 0, 0, 2, 29
"d:\ttlab\qr-code-backend\src\common\config\validation-schema.ts", "TypeScript", 0, 0, 0, 0, 45, 0, 0, 0, 0, 7, 52
"d:\ttlab\qr-code-backend\src\common\constants\common.constants.ts", "TypeScript", 0, 0, 0, 0, 104, 0, 0, 0, 1, 33, 138
"d:\ttlab\qr-code-backend\src\common\constants\http-status.constant.ts", "TypeScript", 0, 0, 0, 0, 13, 0, 0, 0, 0, 1, 14
"d:\ttlab\qr-code-backend\src\common\constants\index.ts", "TypeScript", 0, 0, 0, 0, 3, 0, 0, 0, 0, 1, 4
"d:\ttlab\qr-code-backend\src\common\constants\permission.constant.ts", "TypeScript", 0, 0, 0, 0, 23, 0, 0, 0, 0, 3, 26
"d:\ttlab\qr-code-backend\src\common\decorators\common.decorator.ts", "TypeScript", 0, 0, 0, 0, 53, 0, 0, 0, 1, 6, 60
"d:\ttlab\qr-code-backend\src\common\decorators\index.ts", "TypeScript", 0, 0, 0, 0, 3, 0, 0, 0, 0, 1, 4
"d:\ttlab\qr-code-backend\src\common\decorators\validator.decorator.ts", "TypeScript", 0, 0, 0, 0, 207, 0, 0, 0, 21, 32, 260
"d:\ttlab\qr-code-backend\src\common\decorators\virtual-column.decorator.ts", "TypeScript", 0, 0, 0, 0, 20, 0, 0, 0, 0, 6, 26
"d:\ttlab\qr-code-backend\src\common\entites\BaseEntity.ts", "TypeScript", 0, 0, 0, 0, 44, 0, 0, 0, 0, 13, 57
"d:\ttlab\qr-code-backend\src\common\exceptions\bad-request.exception.ts", "TypeScript", 0, 0, 0, 0, 8, 0, 0, 0, 0, 2, 10
"d:\ttlab\qr-code-backend\src\common\exceptions\index.ts", "TypeScript", 0, 0, 0, 0, 3, 0, 0, 0, 0, 1, 4
"d:\ttlab\qr-code-backend\src\common\exceptions\not-found.exception.ts", "TypeScript", 0, 0, 0, 0, 8, 0, 0, 0, 0, 2, 10
"d:\ttlab\qr-code-backend\src\common\exceptions\validation.exception.ts", "TypeScript", 0, 0, 0, 0, 8, 0, 0, 0, 0, 3, 11
"d:\ttlab\qr-code-backend\src\common\filters\all-exceptions.filter.ts", "TypeScript", 0, 0, 0, 0, 160, 0, 0, 0, 6, 13, 179
"d:\ttlab\qr-code-backend\src\common\filters\index.ts", "TypeScript", 0, 0, 0, 0, 1, 0, 0, 0, 0, 1, 2
"d:\ttlab\qr-code-backend\src\common\guards\authorization.guard.ts", "TypeScript", 0, 0, 0, 0, 60, 0, 0, 0, 1, 8, 69
"d:\ttlab\qr-code-backend\src\common\guards\jwt.guard.ts", "TypeScript", 0, 0, 0, 0, 64, 0, 0, 0, 0, 7, 71
"d:\ttlab\qr-code-backend\src\common\helpers\api.response.ts", "TypeScript", 0, 0, 0, 0, 61, 0, 0, 0, 0, 7, 68
"d:\ttlab\qr-code-backend\src\common\helpers\common.function.ts", "TypeScript", 0, 0, 0, 0, 52, 0, 0, 0, 0, 5, 57
"d:\ttlab\qr-code-backend\src\common\helpers\util.ts", "TypeScript", 0, 0, 0, 0, 35, 0, 0, 0, 0, 6, 41
"d:\ttlab\qr-code-backend\src\common\index.ts", "TypeScript", 0, 0, 0, 0, 20, 0, 0, 0, 0, 1, 21
"d:\ttlab\qr-code-backend\src\common\interceptors\auth-user.interceptor.ts", "TypeScript", 0, 0, 0, 0, 0, 0, 0, 0, 17, 5, 22
"d:\ttlab\qr-code-backend\src\common\interceptors\transform.interceptor.ts", "TypeScript", 0, 0, 0, 0, 25, 0, 0, 0, 1, 2, 28
"d:\ttlab\qr-code-backend\src\common\modules\common.module.ts", "TypeScript", 0, 0, 0, 0, 40, 0, 0, 0, 0, 4, 44
"d:\ttlab\qr-code-backend\src\common\modules\database\database.module.ts", "TypeScript", 0, 0, 0, 0, 56, 0, 0, 0, 0, 2, 58
"d:\ttlab\qr-code-backend\src\common\modules\database\database.service.ts", "TypeScript", 0, 0, 0, 0, 44, 0, 0, 0, 1, 4, 49
"d:\ttlab\qr-code-backend\src\common\modules\i18n\i18n.module.ts", "TypeScript", 0, 0, 0, 0, 24, 0, 0, 0, 5, 4, 33
"d:\ttlab\qr-code-backend\src\common\modules\index.ts", "TypeScript", 0, 0, 0, 0, 3, 0, 0, 0, 0, 1, 4
"d:\ttlab\qr-code-backend\src\common\modules\services\common.service.ts", "TypeScript", 0, 0, 0, 0, 10, 0, 0, 0, 0, 2, 12
"d:\ttlab\qr-code-backend\src\common\modules\winston\winston.module.ts", "TypeScript", 0, 0, 0, 0, 48, 0, 0, 0, 0, 4, 52
"d:\ttlab\qr-code-backend\src\common\pipes\joi.validation.pipe.ts", "TypeScript", 0, 0, 0, 0, 31, 0, 0, 0, 1, 6, 38
"d:\ttlab\qr-code-backend\src\common\pipes\removeEmptyQueryPipe.ts", "TypeScript", 0, 0, 0, 0, 20, 0, 0, 0, 0, 4, 24
"d:\ttlab\qr-code-backend\src\common\providers\context.provider.ts", "TypeScript", 0, 0, 0, 0, 30, 0, 0, 0, 1, 11, 42
"d:\ttlab\qr-code-backend\src\common\providers\generator.provider.ts", "TypeScript", 0, 0, 0, 0, 50, 0, 0, 0, 4, 15, 69
"d:\ttlab\qr-code-backend\src\common\providers\index.ts", "TypeScript", 0, 0, 0, 0, 2, 0, 0, 0, 0, 1, 3
"d:\ttlab\qr-code-backend\src\common\types.ts", "TypeScript", 0, 0, 0, 0, 42, 0, 0, 0, 1, 8, 51
"d:\ttlab\qr-code-backend\src\i18n\en\action.json", "JSON", 0, 12, 0, 0, 0, 0, 0, 0, 0, 1, 13
"d:\ttlab\qr-code-backend\src\i18n\en\auth.json", "JSON", 0, 47, 0, 0, 0, 0, 0, 0, 0, 1, 48
"d:\ttlab\qr-code-backend\src\i18n\en\category.json", "JSON", 0, 12, 0, 0, 0, 0, 0, 0, 0, 1, 13
"d:\ttlab\qr-code-backend\src\i18n\en\errors.json", "JSON", 0, 6, 0, 0, 0, 0, 0, 0, 0, 1, 7
"d:\ttlab\qr-code-backend\src\i18n\en\file.json", "JSON", 0, 12, 0, 0, 0, 0, 0, 0, 0, 1, 13
"d:\ttlab\qr-code-backend\src\i18n\en\index.ts", "TypeScript", 0, 0, 0, 0, 20, 0, 0, 0, 0, 7, 27
"d:\ttlab\qr-code-backend\src\i18n\en\product.json", "JSON", 0, 13, 0, 0, 0, 0, 0, 0, 0, 1, 14
"d:\ttlab\qr-code-backend\src\i18n\en\provider.json", "JSON", 0, 14, 0, 0, 0, 0, 0, 0, 0, 1, 15
"d:\ttlab\qr-code-backend\src\i18n\en\user.json", "JSON", 0, 51, 0, 0, 0, 0, 0, 0, 0, 1, 52
"d:\ttlab\qr-code-backend\src\i18n\en\validation.json", "JSON", 0, 107, 0, 0, 0, 0, 0, 0, 0, 0, 107
"d:\ttlab\qr-code-backend\src\i18n\i18n.ts", "TypeScript", 0, 0, 0, 0, 21, 0, 0, 0, 10, 5, 36
"d:\ttlab\qr-code-backend\src\i18n\index.ts", "TypeScript", 0, 0, 0, 0, 1, 0, 0, 0, 0, 1, 2
"d:\ttlab\qr-code-backend\src\i18n\vi\action.json", "JSON", 0, 12, 0, 0, 0, 0, 0, 0, 0, 1, 13
"d:\ttlab\qr-code-backend\src\i18n\vi\auth.json", "JSON", 0, 45, 0, 0, 0, 0, 0, 0, 0, 1, 46
"d:\ttlab\qr-code-backend\src\i18n\vi\category.json", "JSON", 0, 12, 0, 0, 0, 0, 0, 0, 0, 1, 13
"d:\ttlab\qr-code-backend\src\i18n\vi\errors.json", "JSON", 0, 6, 0, 0, 0, 0, 0, 0, 0, 0, 6
"d:\ttlab\qr-code-backend\src\i18n\vi\file.json", "JSON", 0, 12, 0, 0, 0, 0, 0, 0, 0, 1, 13
"d:\ttlab\qr-code-backend\src\i18n\vi\index.ts", "TypeScript", 0, 0, 0, 0, 20, 0, 0, 0, 0, 7, 27
"d:\ttlab\qr-code-backend\src\i18n\vi\product.json", "JSON", 0, 13, 0, 0, 0, 0, 0, 0, 0, 1, 14
"d:\ttlab\qr-code-backend\src\i18n\vi\provider.json", "JSON", 0, 14, 0, 0, 0, 0, 0, 0, 0, 1, 15
"d:\ttlab\qr-code-backend\src\i18n\vi\user.json", "JSON", 0, 49, 0, 0, 0, 0, 0, 0, 0, 1, 50
"d:\ttlab\qr-code-backend\src\i18n\vi\validation.json", "JSON", 0, 107, 0, 0, 0, 0, 0, 0, 0, 1, 108
"d:\ttlab\qr-code-backend\src\index.d.ts", "TypeScript", 0, 0, 0, 0, 0, 0, 0, 0, 8, 1, 9
"d:\ttlab\qr-code-backend\src\main.ts", "TypeScript", 0, 0, 0, 0, 86, 0, 0, 0, 15, 10, 111
"d:\ttlab\qr-code-backend\src\modules\action\action.builder.ts", "TypeScript", 0, 0, 0, 0, 8, 0, 0, 0, 0, 2, 10
"d:\ttlab\qr-code-backend\src\modules\action\action.constant.ts", "TypeScript", 0, 0, 0, 0, 11, 0, 0, 0, 0, 2, 13
"d:\ttlab\qr-code-backend\src\modules\action\action.controller.ts", "TypeScript", 0, 0, 0, 0, 150, 0, 0, 0, 0, 13, 163
"d:\ttlab\qr-code-backend\src\modules\action\action.interface.ts", "TypeScript", 0, 0, 0, 0, 0, 0, 0, 0, 1, 1, 2
"d:\ttlab\qr-code-backend\src\modules\action\action.module.ts", "TypeScript", 0, 0, 0, 0, 12, 0, 0, 0, 0, 2, 14
"d:\ttlab\qr-code-backend\src\modules\action\action.repository.ts", "TypeScript", 0, 0, 0, 0, 18, 0, 0, 0, 0, 4, 22
"d:\ttlab\qr-code-backend\src\modules\action\dto\request\action.request.dto.ts", "TypeScript", 0, 0, 0, 0, 35, 0, 0, 0, 0, 9, 44
"d:\ttlab\qr-code-backend\src\modules\action\dto\response\action.response.dto.ts", "TypeScript", 0, 0, 0, 0, 34, 0, 0, 0, 0, 4, 38
"d:\ttlab\qr-code-backend\src\modules\action\entity\action.entity.ts", "TypeScript", 0, 0, 0, 0, 29, 0, 0, 0, 0, 9, 38
"d:\ttlab\qr-code-backend\src\modules\action\services\action.service.ts", "TypeScript", 0, 0, 0, 0, 48, 0, 0, 0, 0, 6, 54
"d:\ttlab\qr-code-backend\src\modules\auth\auth.constant.ts", "TypeScript", 0, 0, 0, 0, 27, 0, 0, 0, 0, 4, 31
"d:\ttlab\qr-code-backend\src\modules\auth\auth.controller.ts", "TypeScript", 0, 0, 0, 0, 212, 0, 0, 0, 5, 20, 237
"d:\ttlab\qr-code-backend\src\modules\auth\auth.interface.ts", "TypeScript", 0, 0, 0, 0, 12, 0, 0, 0, 0, 2, 14
"d:\ttlab\qr-code-backend\src\modules\auth\auth.middleware.ts", "TypeScript", 0, 0, 0, 0, 13, 0, 0, 0, 0, 3, 16
"d:\ttlab\qr-code-backend\src\modules\auth\auth.module.ts", "TypeScript", 0, 0, 0, 0, 30, 0, 0, 0, 0, 1, 31
"d:\ttlab\qr-code-backend\src\modules\auth\dto\requests\google-login-link.dto.ts", "TypeScript", 0, 0, 0, 0, 12, 0, 0, 0, 0, 2, 14
"d:\ttlab\qr-code-backend\src\modules\auth\dto\requests\google-login.dto.ts", "TypeScript", 0, 0, 0, 0, 12, 0, 0, 0, 0, 2, 14
"d:\ttlab\qr-code-backend\src\modules\auth\dto\requests\login.dto.ts", "TypeScript", 0, 0, 0, 0, 8, 0, 0, 0, 0, 3, 11
"d:\ttlab\qr-code-backend\src\modules\auth\dto\requests\registered.dto.ts", "TypeScript", 0, 0, 0, 0, 45, 0, 0, 0, 0, 7, 52
"d:\ttlab\qr-code-backend\src\modules\auth\dto\requests\update-profile.dto.ts", "TypeScript", 0, 0, 0, 0, 60, 0, 0, 0, 0, 6, 66
"d:\ttlab\qr-code-backend\src\modules\auth\dto\responses\api-responses.dto.ts", "TypeScript", 0, 0, 0, 0, 22, 0, 0, 0, 0, 8, 30
"d:\ttlab\qr-code-backend\src\modules\auth\entity\user-token.entity.ts", "TypeScript", 0, 0, 0, 0, 24, 0, 0, 0, 1, 7, 32
"d:\ttlab\qr-code-backend\src\modules\auth\services\auth.service.ts", "TypeScript", 0, 0, 0, 0, 194, 0, 0, 0, 21, 16, 231
"d:\ttlab\qr-code-backend\src\modules\category\category.builder.ts", "TypeScript", 0, 0, 0, 0, 8, 0, 0, 0, 0, 2, 10
"d:\ttlab\qr-code-backend\src\modules\category\category.constant.ts", "TypeScript", 0, 0, 0, 0, 11, 0, 0, 0, 0, 2, 13
"d:\ttlab\qr-code-backend\src\modules\category\category.controller.ts", "TypeScript", 0, 0, 0, 0, 146, 0, 0, 0, 0, 15, 161
"d:\ttlab\qr-code-backend\src\modules\category\category.interface.ts", "TypeScript", 0, 0, 0, 0, 0, 0, 0, 0, 1, 1, 2
"d:\ttlab\qr-code-backend\src\modules\category\category.module.ts", "TypeScript", 0, 0, 0, 0, 12, 0, 0, 0, 0, 2, 14
"d:\ttlab\qr-code-backend\src\modules\category\category.repository.ts", "TypeScript", 0, 0, 0, 0, 18, 0, 0, 0, 0, 3, 21
"d:\ttlab\qr-code-backend\src\modules\category\dto\request\category.request.dto.ts", "TypeScript", 0, 0, 0, 0, 36, 0, 0, 0, 0, 10, 46
"d:\ttlab\qr-code-backend\src\modules\category\dto\response\category.response.dto.ts", "TypeScript", 0, 0, 0, 0, 22, 0, 0, 0, 0, 6, 28
"d:\ttlab\qr-code-backend\src\modules\category\entity\category.entity.ts", "TypeScript", 0, 0, 0, 0, 20, 0, 0, 0, 0, 5, 25
"d:\ttlab\qr-code-backend\src\modules\category\services\category.service.ts", "TypeScript", 0, 0, 0, 0, 39, 0, 0, 0, 0, 4, 43
"d:\ttlab\qr-code-backend\src\modules\file\dto\request\file.request.dto.ts", "TypeScript", 0, 0, 0, 0, 9, 0, 0, 0, 0, 5, 14
"d:\ttlab\qr-code-backend\src\modules\file\dto\response\file.response.dto.ts", "TypeScript", 0, 0, 0, 0, 24, 0, 0, 0, 0, 4, 28
"d:\ttlab\qr-code-backend\src\modules\file\entity\file.entity.ts", "TypeScript", 0, 0, 0, 0, 19, 0, 0, 0, 0, 6, 25
"d:\ttlab\qr-code-backend\src\modules\file\file.builder.ts", "TypeScript", 0, 0, 0, 0, 8, 0, 0, 0, 0, 2, 10
"d:\ttlab\qr-code-backend\src\modules\file\file.constant.ts", "TypeScript", 0, 0, 0, 0, 11, 0, 0, 0, 0, 2, 13
"d:\ttlab\qr-code-backend\src\modules\file\file.controller.ts", "TypeScript", 0, 0, 0, 0, 129, 0, 0, 0, 0, 15, 144
"d:\ttlab\qr-code-backend\src\modules\file\file.interface.ts", "TypeScript", 0, 0, 0, 0, 0, 0, 0, 0, 1, 1, 2
"d:\ttlab\qr-code-backend\src\modules\file\file.module.ts", "TypeScript", 0, 0, 0, 0, 12, 0, 0, 0, 0, 2, 14
"d:\ttlab\qr-code-backend\src\modules\file\file.repository.ts", "TypeScript", 0, 0, 0, 0, 18, 0, 0, 0, 0, 3, 21
"d:\ttlab\qr-code-backend\src\modules\file\services\file.service.ts", "TypeScript", 0, 0, 0, 0, 26, 0, 0, 0, 0, 4, 30
"d:\ttlab\qr-code-backend\src\modules\product\dto\request\product.request.dto.ts", "TypeScript", 0, 0, 0, 0, 114, 0, 0, 0, 0, 34, 148
"d:\ttlab\qr-code-backend\src\modules\product\dto\response\product.response.dto.ts", "TypeScript", 0, 0, 0, 0, 51, 0, 0, 0, 0, 3, 54
"d:\ttlab\qr-code-backend\src\modules\product\entity\product.entity.ts", "TypeScript", 0, 0, 0, 0, 51, 0, 0, 0, 0, 15, 66
"d:\ttlab\qr-code-backend\src\modules\product\product.builder.ts", "TypeScript", 0, 0, 0, 0, 35, 0, 0, 0, 0, 5, 40
"d:\ttlab\qr-code-backend\src\modules\product\product.constant.ts", "TypeScript", 0, 0, 0, 0, 17, 0, 0, 0, 0, 3, 20
"d:\ttlab\qr-code-backend\src\modules\product\product.controller.ts", "TypeScript", 0, 0, 0, 0, 219, 0, 0, 0, 21, 29, 269
"d:\ttlab\qr-code-backend\src\modules\product\product.interface.ts", "TypeScript", 0, 0, 0, 0, 0, 0, 0, 0, 0, 1, 1
"d:\ttlab\qr-code-backend\src\modules\product\product.module.ts", "TypeScript", 0, 0, 0, 0, 20, 0, 0, 0, 0, 2, 22
"d:\ttlab\qr-code-backend\src\modules\product\product.repository.ts", "TypeScript", 0, 0, 0, 0, 22, 0, 0, 0, 0, 4, 26
"d:\ttlab\qr-code-backend\src\modules\product\services\product.service.ts", "TypeScript", 0, 0, 0, 0, 133, 0, 0, 0, 0, 18, 151
"d:\ttlab\qr-code-backend\src\modules\provider\dto\request\provider.request.dto.ts", "TypeScript", 0, 0, 0, 0, 60, 0, 0, 0, 0, 16, 76
"d:\ttlab\qr-code-backend\src\modules\provider\dto\response\provider.response.dto.ts", "TypeScript", 0, 0, 0, 0, 36, 0, 0, 0, 0, 4, 40
"d:\ttlab\qr-code-backend\src\modules\provider\entity\provider.entity.ts", "TypeScript", 0, 0, 0, 0, 48, 0, 0, 0, 0, 11, 59
"d:\ttlab\qr-code-backend\src\modules\provider\provider.builder.ts", "TypeScript", 0, 0, 0, 0, 8, 0, 0, 0, 0, 2, 10
"d:\ttlab\qr-code-backend\src\modules\provider\provider.constant.ts", "TypeScript", 0, 0, 0, 0, 16, 0, 0, 0, 0, 3, 19
"d:\ttlab\qr-code-backend\src\modules\provider\provider.controller.ts", "TypeScript", 0, 0, 0, 0, 164, 0, 0, 0, 0, 17, 181
"d:\ttlab\qr-code-backend\src\modules\provider\provider.interface.ts", "TypeScript", 0, 0, 0, 0, 0, 0, 0, 0, 1, 1, 2
"d:\ttlab\qr-code-backend\src\modules\provider\provider.module.ts", "TypeScript", 0, 0, 0, 0, 20, 0, 0, 0, 0, 2, 22
"d:\ttlab\qr-code-backend\src\modules\provider\provider.repository.ts", "TypeScript", 0, 0, 0, 0, 54, 0, 0, 0, 0, 6, 60
"d:\ttlab\qr-code-backend\src\modules\provider\services\provider.service.ts", "TypeScript", 0, 0, 0, 0, 83, 0, 0, 0, 0, 8, 91
"d:\ttlab\qr-code-backend\src\modules\role\dto\requests\create-role.dto.ts", "TypeScript", 0, 0, 0, 0, 4, 0, 0, 0, 4, 3, 11
"d:\ttlab\qr-code-backend\src\modules\role\dto\requests\list-role.dto.ts", "TypeScript", 0, 0, 0, 0, 23, 0, 0, 0, 0, 3, 26
"d:\ttlab\qr-code-backend\src\modules\role\dto\requests\update-role.dto.ts", "TypeScript", 0, 0, 0, 0, 5, 0, 0, 0, 2, 3, 10
"d:\ttlab\qr-code-backend\src\modules\role\dto\responses\api-response.dto.ts", "TypeScript", 0, 0, 0, 0, 15, 0, 0, 0, 0, 8, 23
"d:\ttlab\qr-code-backend\src\modules\role\dto\responses\permission-response.dto.ts", "TypeScript", 0, 0, 0, 0, 3, 0, 0, 0, 2, 2, 7
"d:\ttlab\qr-code-backend\src\modules\role\dto\responses\role-response.dto.ts", "TypeScript", 0, 0, 0, 0, 6, 0, 0, 0, 0, 1, 7
"d:\ttlab\qr-code-backend\src\modules\role\entity\permission-action.entity.ts", "TypeScript", 0, 0, 0, 0, 12, 0, 0, 0, 0, 2, 14
"d:\ttlab\qr-code-backend\src\modules\role\entity\permission-resource.entity.ts", "TypeScript", 0, 0, 0, 0, 12, 0, 0, 0, 0, 3, 15
"d:\ttlab\qr-code-backend\src\modules\role\entity\permission.entity.ts", "TypeScript", 0, 0, 0, 0, 31, 0, 0, 0, 0, 7, 38
"d:\ttlab\qr-code-backend\src\modules\role\entity\role-permission.entity.ts", "TypeScript", 0, 0, 0, 0, 22, 0, 0, 0, 0, 6, 28
"d:\ttlab\qr-code-backend\src\modules\role\entity\role.entity.ts", "TypeScript", 0, 0, 0, 0, 20, 0, 0, 0, 0, 6, 26
"d:\ttlab\qr-code-backend\src\modules\role\entity\user-role.entity.ts", "TypeScript", 0, 0, 0, 0, 19, 0, 0, 0, 0, 5, 24
"d:\ttlab\qr-code-backend\src\modules\role\role.constants.ts", "TypeScript", 0, 0, 0, 0, 0, 0, 0, 0, 156, 7, 163
"d:\ttlab\qr-code-backend\src\modules\role\role.controller.ts", "TypeScript", 0, 0, 0, 0, 15, 0, 0, 0, 0, 4, 19
"d:\ttlab\qr-code-backend\src\modules\role\role.interface.ts", "TypeScript", 0, 0, 0, 0, 0, 0, 0, 0, 58, 16, 74
"d:\ttlab\qr-code-backend\src\modules\role\role.module.ts", "TypeScript", 0, 0, 0, 0, 9, 0, 0, 0, 0, 2, 11
"d:\ttlab\qr-code-backend\src\modules\role\role.util.ts", "TypeScript", 0, 0, 0, 0, 0, 0, 0, 0, 38, 3, 41
"d:\ttlab\qr-code-backend\src\modules\role\services\role.service.ts", "TypeScript", 0, 0, 0, 0, 12, 0, 0, 0, 0, 3, 15
"d:\ttlab\qr-code-backend\src\modules\user\dto\requests\common-user.dto.ts", "TypeScript", 0, 0, 0, 0, 14, 0, 0, 0, 0, 2, 16
"d:\ttlab\qr-code-backend\src\modules\user\dto\requests\create-user.dto.ts", "TypeScript", 0, 0, 0, 0, 16, 0, 0, 0, 0, 7, 23
"d:\ttlab\qr-code-backend\src\modules\user\dto\requests\list-user.dto.ts", "TypeScript", 0, 0, 0, 0, 30, 0, 0, 0, 0, 9, 39
"d:\ttlab\qr-code-backend\src\modules\user\dto\requests\update-user.dto.ts", "TypeScript", 0, 0, 0, 0, 35, 0, 0, 0, 0, 7, 42
"d:\ttlab\qr-code-backend\src\modules\user\dto\response\api-response.dto.ts", "TypeScript", 0, 0, 0, 0, 20, 0, 0, 0, 0, 7, 27
"d:\ttlab\qr-code-backend\src\modules\user\dto\response\user-response.dto.ts", "TypeScript", 0, 0, 0, 0, 28, 0, 0, 0, 3, 4, 35
"d:\ttlab\qr-code-backend\src\modules\user\entity\user.entity.ts", "TypeScript", 0, 0, 0, 0, 62, 0, 0, 0, 0, 18, 80
"d:\ttlab\qr-code-backend\src\modules\user\services\user.service.ts", "TypeScript", 0, 0, 0, 0, 165, 0, 0, 0, 0, 15, 180
"d:\ttlab\qr-code-backend\src\modules\user\user.builder.ts", "TypeScript", 0, 0, 0, 0, 11, 0, 0, 0, 0, 3, 14
"d:\ttlab\qr-code-backend\src\modules\user\user.constant.ts", "TypeScript", 0, 0, 0, 0, 87, 0, 0, 0, 0, 8, 95
"d:\ttlab\qr-code-backend\src\modules\user\user.controller.ts", "TypeScript", 0, 0, 0, 0, 168, 0, 0, 0, 1, 21, 190
"d:\ttlab\qr-code-backend\src\modules\user\user.interface.ts", "TypeScript", 0, 0, 0, 0, 6, 0, 0, 0, 0, 1, 7
"d:\ttlab\qr-code-backend\src\modules\user\user.module.ts", "TypeScript", 0, 0, 0, 0, 18, 0, 0, 0, 0, 2, 20
"d:\ttlab\qr-code-backend\src\modules\user\user.repository.ts", "TypeScript", 0, 0, 0, 0, 98, 0, 0, 0, 0, 11, 109
"d:\ttlab\qr-code-backend\src\plugins\debug\index.ts", "TypeScript", 0, 0, 0, 0, 15, 0, 0, 0, 0, 2, 17
"d:\ttlab\qr-code-backend\src\plugins\index.ts", "TypeScript", 0, 0, 0, 0, 4, 0, 0, 0, 0, 1, 5
"d:\ttlab\qr-code-backend\src\plugins\joi\index.ts", "TypeScript", 0, 0, 0, 0, 21, 0, 0, 0, 0, 7, 28
"d:\ttlab\qr-code-backend\src\plugins\lodash\index.ts", "TypeScript", 0, 0, 0, 0, 18, 0, 0, 0, 0, 3, 21
"d:\ttlab\qr-code-backend\src\plugins\moment\index.ts", "TypeScript", 0, 0, 0, 0, 106, 0, 0, 0, 100, 23, 229
"d:\ttlab\qr-code-backend\tsconfig-paths-bootstrap.js", "JavaScript", 6, 0, 0, 0, 0, 0, 0, 0, 1, 1, 8
"d:\ttlab\qr-code-backend\tsconfig.build.json", "JSON", 0, 11, 0, 0, 0, 0, 0, 0, 2, 0, 13
"d:\ttlab\qr-code-backend\tsconfig.json", "JSON with Comments", 0, 0, 18, 0, 0, 0, 0, 0, 67, 0, 85
"Total", "-", 157, 689, 18, 595, 7595, 224, 25, 32, 812, 1344, 11491